dropped_feature,reason
blue__original_firstorder_Entropy,corr>0.95
blue__original_firstorder_Mean,corr>0.95
blue__original_firstorder_MeanAbsoluteDeviation,corr>0.95
blue__original_firstorder_Median,corr>0.95
blue__original_firstorder_RobustMeanAbsoluteDeviation,corr>0.95
blue__original_firstorder_TotalEnergy,corr>0.95
blue__original_firstorder_Uniformity,corr>0.95
blue__original_firstorder_Variance,corr>0.95
blue__original_glcm_Autocorrelation,corr>0.95
blue__original_glcm_Contrast,corr>0.95
blue__original_glcm_DifferenceAverage,corr>0.95
blue__original_glcm_DifferenceEntropy,corr>0.95
blue__original_glcm_DifferenceVariance,corr>0.95
blue__original_glcm_Id,corr>0.95
blue__original_glcm_Idm,corr>0.95
blue__original_glcm_Idn,corr>0.95
blue__original_glcm_Imc1,corr>0.95
blue__original_glcm_JointAverage,corr>0.95
blue__original_glcm_JointEnergy,corr>0.95
blue__original_glcm_JointEntropy,corr>0.95
blue__original_glcm_SumAverage,corr>0.95
blue__original_glcm_SumSquares,corr>0.95
blue__original_gldm_DependenceNonUniformity,corr>0.95
blue__original_gldm_DependenceNonUniformityNormalized,corr>0.95
blue__original_gldm_DependenceVariance,corr>0.95
blue__original_gldm_GrayLevelVariance,corr>0.95
blue__original_gldm_HighGrayLevelEmphasis,corr>0.95
blue__original_gldm_LargeDependenceEmphasis,corr>0.95
blue__original_gldm_LargeDependenceHighGrayLevelEmphasis,corr>0.95
blue__original_gldm_LowGrayLevelEmphasis,corr>0.95
blue__original_gldm_SmallDependenceEmphasis,corr>0.95
blue__original_glrlm_GrayLevelNonUniformity,corr>0.95
blue__original_glrlm_HighGrayLevelRunEmphasis,corr>0.95
blue__original_glrlm_LongRunEmphasis,corr>0.95
blue__original_glrlm_RunLengthNonUniformity,corr>0.95
blue__original_glrlm_RunLengthNonUniformityNormalized,corr>0.95
blue__original_glrlm_RunPercentage,corr>0.95
blue__original_glrlm_ShortRunEmphasis,corr>0.95
blue__original_glszm_GrayLevelNonUniformity,corr>0.95
blue__original_glszm_LargeAreaEmphasis,corr>0.95
blue__original_glszm_SmallAreaEmphasis,corr>0.95
blue__original_glszm_ZonePercentage,corr>0.95
blue__original_shape2D_MajorAxisLength,corr>0.95
blue__original_shape2D_MaximumDiameter,corr>0.95
blue__original_shape2D_MeshSurface,corr>0.95
blue__original_shape2D_MinorAxisLength,corr>0.95
blue__original_shape2D_Perimeter,corr>0.95
gray__original_firstorder_10Percentile,corr>0.95
gray__original_firstorder_90Percentile,corr>0.95
gray__original_firstorder_Energy,corr>0.95
gray__original_firstorder_Entropy,corr>0.95
gray__original_firstorder_InterquartileRange,corr>0.95
gray__original_firstorder_Maximum,corr>0.95
gray__original_firstorder_MeanAbsoluteDeviation,corr>0.95
gray__original_firstorder_Median,corr>0.95
gray__original_firstorder_Range,corr>0.95
gray__original_firstorder_RobustMeanAbsoluteDeviation,corr>0.95
gray__original_firstorder_RootMeanSquared,corr>0.95
gray__original_firstorder_Skewness,corr>0.95
gray__original_firstorder_TotalEnergy,corr>0.95
gray__original_firstorder_Variance,corr>0.95
gray__original_glcm_Autocorrelation,corr>0.95
gray__original_glcm_Contrast,corr>0.95
gray__original_glcm_DifferenceAverage,corr>0.95
gray__original_glcm_DifferenceEntropy,corr>0.95
gray__original_glcm_DifferenceVariance,corr>0.95
gray__original_glcm_Id,corr>0.95
gray__original_glcm_Idm,corr>0.95
gray__original_glcm_InverseVariance,corr>0.95
gray__original_glcm_JointAverage,corr>0.95
gray__original_glcm_JointEnergy,corr>0.95
gray__original_glcm_JointEntropy,corr>0.95
gray__original_glcm_MaximumProbability,corr>0.95
gray__original_glcm_SumAverage,corr>0.95
gray__original_glcm_SumEntropy,corr>0.95
gray__original_glcm_SumSquares,corr>0.95
gray__original_gldm_DependenceEntropy,corr>0.95
gray__original_gldm_DependenceNonUniformity,corr>0.95
gray__original_gldm_DependenceNonUniformityNormalized,corr>0.95
gray__original_gldm_DependenceVariance,corr>0.95
gray__original_gldm_GrayLevelNonUniformity,corr>0.95
gray__original_gldm_GrayLevelVariance,corr>0.95
gray__original_gldm_HighGrayLevelEmphasis,corr>0.95
gray__original_gldm_LargeDependenceEmphasis,corr>0.95
gray__original_gldm_LargeDependenceLowGrayLevelEmphasis,corr>0.95
gray__original_gldm_SmallDependenceEmphasis,corr>0.95
gray__original_gldm_SmallDependenceHighGrayLevelEmphasis,corr>0.95
gray__original_glrlm_GrayLevelNonUniformity,corr>0.95
gray__original_glrlm_GrayLevelVariance,corr>0.95
gray__original_glrlm_HighGrayLevelRunEmphasis,corr>0.95
gray__original_glrlm_LongRunEmphasis,corr>0.95
gray__original_glrlm_RunLengthNonUniformity,corr>0.95
gray__original_glrlm_RunLengthNonUniformityNormalized,corr>0.95
gray__original_glrlm_RunPercentage,corr>0.95
gray__original_glrlm_ShortRunEmphasis,corr>0.95
gray__original_glszm_GrayLevelNonUniformity,corr>0.95
gray__original_glszm_SizeZoneNonUniformity,corr>0.95
gray__original_glszm_SmallAreaEmphasis,corr>0.95
gray__original_glszm_ZoneVariance,corr>0.95
gray__original_ngtdm_Coarseness,corr>0.95
gray__original_ngtdm_Complexity,corr>0.95
gray__original_ngtdm_Contrast,corr>0.95
gray__original_shape2D_Elongation,corr>0.95
gray__original_shape2D_MajorAxisLength,corr>0.95
gray__original_shape2D_MaximumDiameter,corr>0.95
gray__original_shape2D_MeshSurface,corr>0.95
gray__original_shape2D_MinorAxisLength,corr>0.95
gray__original_shape2D_Perimeter,corr>0.95
gray__original_shape2D_PerimeterSurfaceRatio,corr>0.95
gray__original_shape2D_PixelSurface,corr>0.95
gray__original_shape2D_Sphericity,corr>0.95
green__original_firstorder_Energy,corr>0.95
green__original_firstorder_Entropy,corr>0.95
green__original_firstorder_Mean,corr>0.95
green__original_firstorder_MeanAbsoluteDeviation,corr>0.95
green__original_firstorder_Median,corr>0.95
green__original_firstorder_RobustMeanAbsoluteDeviation,corr>0.95
green__original_firstorder_TotalEnergy,corr>0.95
green__original_firstorder_Variance,corr>0.95
green__original_glcm_Autocorrelation,corr>0.95
green__original_glcm_ClusterProminence,corr>0.95
green__original_glcm_ClusterShade,corr>0.95
green__original_glcm_ClusterTendency,corr>0.95
green__original_glcm_Contrast,corr>0.95
green__original_glcm_DifferenceAverage,corr>0.95
green__original_glcm_DifferenceEntropy,corr>0.95
green__original_glcm_DifferenceVariance,corr>0.95
green__original_glcm_Id,corr>0.95
green__original_glcm_Idm,corr>0.95
green__original_glcm_Idn,corr>0.95
green__original_glcm_Imc1,corr>0.95
green__original_glcm_InverseVariance,corr>0.95
green__original_glcm_JointEnergy,corr>0.95
green__original_glcm_JointEntropy,corr>0.95
green__original_glcm_MaximumProbability,corr>0.95
green__original_glcm_SumAverage,corr>0.95
green__original_glcm_SumSquares,corr>0.95
green__original_gldm_DependenceNonUniformity,corr>0.95
green__original_gldm_DependenceVariance,corr>0.95
green__original_gldm_GrayLevelNonUniformity,corr>0.95
green__original_gldm_GrayLevelVariance,corr>0.95
green__original_gldm_HighGrayLevelEmphasis,corr>0.95
green__original_gldm_LargeDependenceEmphasis,corr>0.95
green__original_gldm_LargeDependenceHighGrayLevelEmphasis,corr>0.95
green__original_gldm_LowGrayLevelEmphasis,corr>0.95
green__original_gldm_SmallDependenceEmphasis,corr>0.95
green__original_glrlm_GrayLevelNonUniformity,corr>0.95
green__original_glrlm_HighGrayLevelRunEmphasis,corr>0.95
green__original_glrlm_LongRunEmphasis,corr>0.95
green__original_glrlm_RunEntropy,corr>0.95
green__original_glrlm_RunLengthNonUniformity,corr>0.95
green__original_glrlm_RunLengthNonUniformityNormalized,corr>0.95
green__original_glrlm_RunPercentage,corr>0.95
green__original_glrlm_ShortRunEmphasis,corr>0.95
green__original_glszm_LargeAreaEmphasis,corr>0.95
green__original_glszm_SizeZoneNonUniformity,corr>0.95
green__original_glszm_SmallAreaEmphasis,corr>0.95
green__original_glszm_ZonePercentage,corr>0.95
green__original_ngtdm_Coarseness,corr>0.95
green__original_ngtdm_Strength,corr>0.95
green__original_shape2D_Elongation,corr>0.95
green__original_shape2D_MaximumDiameter,corr>0.95
green__original_shape2D_MeshSurface,corr>0.95
green__original_shape2D_MinorAxisLength,corr>0.95
green__original_shape2D_Perimeter,corr>0.95
green__original_shape2D_PerimeterSurfaceRatio,corr>0.95
green__original_shape2D_PixelSurface,corr>0.95
green__original_shape2D_Sphericity,corr>0.95
red__original_firstorder_Entropy,corr>0.95
red__original_firstorder_Mean,corr>0.95
red__original_firstorder_MeanAbsoluteDeviation,corr>0.95
red__original_firstorder_Median,corr>0.95
red__original_firstorder_RobustMeanAbsoluteDeviation,corr>0.95
red__original_firstorder_TotalEnergy,corr>0.95
red__original_firstorder_Variance,corr>0.95
red__original_glcm_Autocorrelation,corr>0.95
red__original_glcm_Contrast,corr>0.95
red__original_glcm_DifferenceAverage,corr>0.95
red__original_glcm_DifferenceEntropy,corr>0.95
red__original_glcm_Id,corr>0.95
red__original_glcm_Idm,corr>0.95
red__original_glcm_JointAverage,corr>0.95
red__original_glcm_JointEnergy,corr>0.95
red__original_glcm_MaximumProbability,corr>0.95
red__original_glcm_SumAverage,corr>0.95
red__original_glcm_SumEntropy,corr>0.95
red__original_glcm_SumSquares,corr>0.95
red__original_gldm_DependenceEntropy,corr>0.95
red__original_gldm_DependenceNonUniformity,corr>0.95
red__original_gldm_DependenceNonUniformityNormalized,corr>0.95
red__original_gldm_GrayLevelNonUniformity,corr>0.95
red__original_gldm_GrayLevelVariance,corr>0.95
red__original_gldm_HighGrayLevelEmphasis,corr>0.95
red__original_gldm_LargeDependenceEmphasis,corr>0.95
red__original_gldm_LargeDependenceLowGrayLevelEmphasis,corr>0.95
red__original_gldm_SmallDependenceEmphasis,corr>0.95
red__original_glrlm_HighGrayLevelRunEmphasis,corr>0.95
red__original_glrlm_RunLengthNonUniformityNormalized,corr>0.95
red__original_glrlm_RunPercentage,corr>0.95
red__original_glrlm_RunVariance,corr>0.95
red__original_glszm_GrayLevelNonUniformity,corr>0.95
red__original_glszm_SizeZoneNonUniformity,corr>0.95
red__original_glszm_SmallAreaEmphasis,corr>0.95
red__original_glszm_ZonePercentage,corr>0.95
red__original_glszm_ZoneVariance,corr>0.95
red__original_shape2D_Elongation,corr>0.95
red__original_shape2D_MajorAxisLength,corr>0.95
red__original_shape2D_MaximumDiameter,corr>0.95
red__original_shape2D_MeshSurface,corr>0.95
red__original_shape2D_MinorAxisLength,corr>0.95
red__original_shape2D_Perimeter,corr>0.95
red__original_shape2D_PerimeterSurfaceRatio,corr>0.95
red__original_shape2D_PixelSurface,corr>0.95
red__original_shape2D_Sphericity,corr>0.95
